{"cameraMode":{"drawMode":0,"name":"Shaded","section":"Shading Mode"},"sceneLighting":false,"audioPlay":false,"sceneViewState":{"m_AlwaysRefresh":false,"showFog":true,"showSkybox":false,"showFlares":true,"showImageEffects":true,"showParticleSystems":true,"showVisualEffectGraphs":true,"m_FxEnabled":true},"in2DMode":false,"pivot":{"x":-0.05894235521554947,"y":-0.0167999267578125,"z":0.13947701454162599},"rotation":{"x":-0.06271747499704361,"y":0.9332655072212219,"z":-0.20127195119857789,"w":-0.2908425033092499},"size":0.44748517870903017,"orthographic":false}