{"cameraMode":{"drawMode":0,"name":"Shaded","section":"Shading Mode"},"sceneLighting":false,"audioPlay":false,"sceneViewState":{"m_AlwaysRefresh":false,"showFog":true,"showSkybox":false,"showFlares":true,"showImageEffects":true,"showParticleSystems":true,"showVisualEffectGraphs":true,"m_FxEnabled":true},"in2DMode":false,"pivot":{"x":-1.1920928955078126e-7,"y":1.0674246549606324,"z":-0.38403621315956118},"rotation":{"x":-0.016835391521453859,"y":0.9829089641571045,"z":-0.1173311397433281,"w":-0.1410200297832489},"size":2.2421603202819826,"orthographic":false}