{"cameraMode":{"drawMode":0,"name":"Shaded","section":"Shading Mode"},"sceneLighting":false,"audioPlay":false,"sceneViewState":{"m_AlwaysRefresh":false,"showFog":true,"showSkybox":false,"showFlares":true,"showImageEffects":true,"showParticleSystems":true,"showVisualEffectGraphs":true,"m_FxEnabled":true},"in2DMode":false,"pivot":{"x":-0.015035629272460938,"y":7.187337875366211,"z":0.02428436279296875},"rotation":{"x":-0.14028078317642213,"y":0.08809259533882141,"z":-0.012528487481176854,"w":-0.9861024618148804},"size":10.360053062438965,"orthographic":false}