{"cameraMode":{"drawMode":0,"name":"Shaded","section":"Shading Mode"},"sceneLighting":false,"audioPlay":false,"sceneViewState":{"m_AlwaysRefresh":false,"showFog":true,"showSkybox":false,"showFlares":true,"showImageEffects":true,"showParticleSystems":true,"showVisualEffectGraphs":true,"m_FxEnabled":true},"in2DMode":false,"pivot":{"x":-0.9885227084159851,"y":0.5358638167381287,"z":-0.40045827627182009},"rotation":{"x":-0.09188410639762879,"y":0.7593564987182617,"z":-0.10986097157001496,"w":-0.6347804069519043},"size":2.8516387939453127,"orthographic":false}