{"cameraMode":{"drawMode":0,"name":"Shaded","section":"Shading Mode"},"sceneLighting":false,"audioPlay":false,"sceneViewState":{"m_AlwaysRefresh":false,"showFog":true,"showSkybox":false,"showFlares":true,"showImageEffects":true,"showParticleSystems":true,"showVisualEffectGraphs":true,"m_FxEnabled":true},"in2DMode":false,"pivot":{"x":-0.025762975215911866,"y":0.11027803272008896,"z":0.08431947231292725},"rotation":{"x":0.34400349855422976,"y":-0.5796485543251038,"z":0.2943059802055359,"w":0.6775426268577576},"size":1.1641685962677003,"orthographic":false}