{"cameraMode":{"drawMode":0,"name":"Shaded","section":"Shading Mode"},"sceneLighting":false,"audioPlay":false,"sceneViewState":{"m_AlwaysRefresh":false,"showFog":true,"showSkybox":false,"showFlares":true,"showImageEffects":true,"showParticleSystems":true,"showVisualEffectGraphs":true,"m_FxEnabled":true},"in2DMode":false,"pivot":{"x":-0.000018358230590820313,"y":1.4259488582611085,"z":0.006711110472679138},"rotation":{"x":-0.06271747499704361,"y":0.9332655072212219,"z":-0.20127195119857789,"w":-0.2908425033092499},"size":2.938289165496826,"orthographic":false}