{"cameraMode":{"drawMode":0,"name":"Shaded","section":"Shading Mode"},"sceneLighting":false,"audioPlay":false,"sceneViewState":{"m_AlwaysRefresh":false,"showFog":true,"showSkybox":false,"showFlares":true,"showImageEffects":true,"showParticleSystems":true,"showVisualEffectGraphs":true,"m_FxEnabled":true},"in2DMode":false,"pivot":{"x":-1.1920928955078126e-7,"y":1.1098439693450928,"z":-0.3743878901004791},"rotation":{"x":-0.016835391521453859,"y":0.9829089641571045,"z":-0.1173311397433281,"w":-0.1410200297832489},"size":1.0596498250961304,"orthographic":false}