{"cameraMode":{"drawMode":0,"name":"Shaded","section":"Shading Mode"},"sceneLighting":false,"audioPlay":false,"sceneViewState":{"m_AlwaysRefresh":false,"showFog":true,"showSkybox":false,"showFlares":true,"showImageEffects":true,"showParticleSystems":true,"showVisualEffectGraphs":true,"m_FxEnabled":true},"in2DMode":false,"pivot":{"x":-0.09335261583328247,"y":0.9322619438171387,"z":0.4985530972480774},"rotation":{"x":0.015499439090490342,"y":-0.9844360947608948,"z":0.12951327860355378,"w":0.11781077831983566},"size":3.0651633739471437,"orthographic":false}