{"cameraMode":{"drawMode":0,"name":"Shaded","section":"Shading Mode"},"sceneLighting":false,"audioPlay":false,"sceneViewState":{"m_AlwaysRefresh":false,"showFog":true,"showSkybox":false,"showFlares":true,"showImageEffects":true,"showParticleSystems":true,"showVisualEffectGraphs":true,"m_FxEnabled":true},"in2DMode":false,"pivot":{"x":-2.078218460083008,"y":5.192108154296875,"z":1.1004867553710938},"rotation":{"x":-0.00045354655594564974,"y":0.999089241027832,"z":0.011081522330641747,"w":0.041387543082237247},"size":7.866884708404541,"orthographic":false}