{"cameraMode":{"drawMode":0,"name":"Shaded","section":"Shading Mode"},"sceneLighting":false,"audioPlay":false,"sceneViewState":{"m_AlwaysRefresh":false,"showFog":true,"showSkybox":false,"showFlares":true,"showImageEffects":true,"showParticleSystems":true,"showVisualEffectGraphs":true,"m_FxEnabled":true},"in2DMode":false,"pivot":{"x":-0.8147239685058594,"y":0.017948150634765626,"z":3.6275010108947756},"rotation":{"x":-0.0007292572990991175,"y":0.9927001595497131,"z":-0.12061436474323273,"w":-0.005955935921519995},"size":7.515176773071289,"orthographic":false}