{"cameraMode":{"drawMode":0,"name":"Shaded","section":"Shading Mode"},"sceneLighting":false,"audioPlay":false,"sceneViewState":{"m_AlwaysRefresh":false,"showFog":true,"showSkybox":false,"showFlares":true,"showImageEffects":true,"showParticleSystems":true,"showVisualEffectGraphs":true,"m_FxEnabled":true},"in2DMode":false,"pivot":{"x":-0.0000016689300537109376,"y":1.9711453914642335,"z":0.0008386075496673584},"rotation":{"x":-0.06271747499704361,"y":0.9332655072212219,"z":-0.20127195119857789,"w":-0.2908425033092499},"size":2.8084559440612795,"orthographic":false}