{"cameraMode":{"drawMode":0,"name":"Shaded","section":"Shading Mode"},"sceneLighting":false,"audioPlay":false,"sceneViewState":{"m_AlwaysRefresh":false,"showFog":true,"showSkybox":false,"showFlares":true,"showImageEffects":true,"showParticleSystems":true,"showVisualEffectGraphs":true,"m_FxEnabled":true},"in2DMode":false,"pivot":{"x":0.030242323875427247,"y":1.6139206886291505,"z":-0.013069629669189453},"rotation":{"x":-0.1369100660085678,"y":-0.8597549796104431,"z":0.38642919063568118,"w":-0.3046019971370697},"size":5.331141471862793,"orthographic":false}