{"cameraMode":{"drawMode":0,"name":"Shaded","section":"Shading Mode"},"sceneLighting":false,"audioPlay":false,"sceneViewState":{"m_AlwaysRefresh":false,"showFog":true,"showSkybox":false,"showFlares":true,"showImageEffects":true,"showParticleSystems":true,"showVisualEffectGraphs":true,"m_FxEnabled":true},"in2DMode":false,"pivot":{"x":-0.022719621658325197,"y":1.3197139501571656,"z":0.3696960210800171},"rotation":{"x":-0.0006464857142418623,"y":0.9993476867675781,"z":-0.02729862369596958,"w":-0.0236884206533432},"size":1.5261582136154175,"orthographic":false}