{"cameraMode":{"drawMode":0,"name":"Shaded","section":"Shading Mode"},"sceneLighting":false,"audioPlay":false,"sceneViewState":{"m_AlwaysRefresh":false,"showFog":true,"showSkybox":false,"showFlares":true,"showImageEffects":true,"showParticleSystems":true,"showVisualEffectGraphs":true,"m_FxEnabled":true},"in2DMode":false,"pivot":{"x":-0.18903303146362306,"y":0.03142264485359192,"z":1.4901161193847657e-7},"rotation":{"x":-0.18186832964420319,"y":0.6962552070617676,"z":-0.1895560324192047,"w":-0.6680111289024353},"size":0.4003819227218628,"orthographic":false}