{"cameraMode":{"drawMode":0,"name":"Shaded","section":"Shading Mode"},"sceneLighting":false,"audioPlay":false,"sceneViewState":{"m_AlwaysRefresh":false,"showFog":true,"showSkybox":false,"showFlares":true,"showImageEffects":true,"showParticleSystems":true,"showVisualEffectGraphs":true,"m_FxEnabled":true},"in2DMode":false,"pivot":{"x":1.1645302772521973,"y":0.4244515895843506,"z":26.532438278198243},"rotation":{"x":-0.31792891025543215,"y":0.14065943658351899,"z":-0.047754108905792239,"w":-0.9364014267921448},"size":0.8660253882408142,"orthographic":false}