{"cameraMode":{"drawMode":0,"name":"Shaded","section":"Shading Mode"},"sceneLighting":false,"audioPlay":false,"sceneViewState":{"m_AlwaysRefresh":false,"showFog":true,"showSkybox":false,"showFlares":true,"showImageEffects":true,"showParticleSystems":true,"showVisualEffectGraphs":true,"m_FxEnabled":true},"in2DMode":false,"pivot":{"x":-0.04020261764526367,"y":2.975924253463745,"z":-0.05312967300415039},"rotation":{"x":-0.1562371402978897,"y":0.33378225564956667,"z":-0.056206122040748599,"w":-0.9279302358627319},"size":3.691680908203125,"orthographic":false}