{"cameraMode":{"drawMode":0,"name":"Shaded","section":"Shading Mode"},"sceneLighting":false,"audioPlay":false,"sceneViewState":{"m_AlwaysRefresh":false,"showFog":true,"showSkybox":false,"showFlares":true,"showImageEffects":true,"showParticleSystems":true,"showVisualEffectGraphs":true,"m_FxEnabled":true},"in2DMode":false,"pivot":{"x":-0.00000476837158203125,"y":0.19977229833602906,"z":0.0000011920928955078126},"rotation":{"x":-0.1562371402978897,"y":0.33378225564956667,"z":-0.056206122040748599,"w":-0.9279302358627319},"size":2.948232650756836,"orthographic":false}